If_Buys,Then_Also_Buys,Support,Confidence,Lift,If_Buys_Product,Then_Also_Buys_Product
15056N,15056BL,0.011331981068289384,0.4855156431054461,42.84472769409038,EDWARDIAN PARASOL NATURAL,EDWARDIAN PARASOL BLACK
15056BL,15056N,0.011331981068289384,0.5317258883248731,46.922588832487314,EDWARDIAN PARASOL BLACK,EDWARDIAN PARASOL NATURAL
20679,15056BL,0.0104394861392833,0.6205787781350482,59.445337620578776,EDWARDIAN PARASOL RED,EDWARDIAN PARASOL BLACK
15056BL,20679,0.0104394861392833,0.48984771573604063,46.922588832487314,EDWARDIAN PARASOL BLACK,EDWARDIAN PARASOL RED
20712,85099B,0.013468559837728196,0.5442622950819672,40.40983606557377,JUMBO BAG WOODLAND ANIMALS,JUMBO BAG RED WHITE SPOTTY 
20713,21931,0.010872210953346857,0.43695652173913047,40.19021739130435,JUMBO BAG OWLS,JUMBO STORAGE BAG SUKI
20713,85099B,0.013630831643002028,0.5478260869565217,40.190217391304344,JUMBO BAG OWLS,JUMBO BAG RED WHITE SPOTTY 
20719,20723,0.010872210953346857,0.3785310734463277,34.81638418079096,WOODLAND CHARLOTTE BAG,STRAWBERRY CHARLOTTE BAG
20723,20719,0.010872210953346857,0.4068825910931174,37.42408906882591,STRAWBERRY CHARLOTTE BAG,WOODLAND CHARLOTTE BAG
20719,20724,0.015361730899256255,0.5348399246704332,34.81638418079096,WOODLAND CHARLOTTE BAG,RED SPOTTY CHARLOTTE BAG
20724,20719,0.015361730899256255,0.379933110367893,24.732441471571907,RED SPOTTY CHARLOTTE BAG,WOODLAND CHARLOTTE BAG
20719,22355,0.012954699121027721,0.4510357815442561,34.81638418079096,WOODLAND CHARLOTTE BAG,"CHARLOTTE BAG , SUKI DESIGN"
22355,20719,0.012954699121027721,0.40184563758389263,31.019295302013425,"CHARLOTTE BAG , SUKI DESIGN",WOODLAND CHARLOTTE BAG
22356,20719,0.011737660581473968,0.3916967509025271,33.37093862815885,"CHARLOTTE BAG , PINK/WHITE SPOTS",WOODLAND CHARLOTTE BAG
20719,22356,0.011737660581473968,0.4086629001883239,34.81638418079096,WOODLAND CHARLOTTE BAG,"CHARLOTTE BAG , PINK/WHITE SPOTS"
20724,20723,0.016064908722109535,0.3973244147157191,24.732441471571907,RED SPOTTY CHARLOTTE BAG,STRAWBERRY CHARLOTTE BAG
20723,20724,0.016064908722109535,0.6012145748987855,37.424089068825914,STRAWBERRY CHARLOTTE BAG,RED SPOTTY CHARLOTTE BAG
22355,20723,0.012089249492900609,0.37500000000000006,31.019295302013425,"CHARLOTTE BAG , SUKI DESIGN",STRAWBERRY CHARLOTTE BAG
20723,22355,0.012089249492900609,0.4524291497975709,37.424089068825914,STRAWBERRY CHARLOTTE BAG,"CHARLOTTE BAG , SUKI DESIGN"
22356,20723,0.012278566599053414,0.40974729241877256,33.37093862815885,"CHARLOTTE BAG , PINK/WHITE SPOTS",STRAWBERRY CHARLOTTE BAG
20723,22356,0.012278566599053414,0.45951417004048584,37.424089068825914,STRAWBERRY CHARLOTTE BAG,"CHARLOTTE BAG , PINK/WHITE SPOTS"
20724,20725,0.013306288032454362,0.3290969899665552,24.732441471571907,RED SPOTTY CHARLOTTE BAG,LUNCH BAG RED SPOTTY
20724,22355,0.01603786342123056,0.3966555183946488,24.732441471571907,RED SPOTTY CHARLOTTE BAG,"CHARLOTTE BAG , SUKI DESIGN"
22355,20724,0.01603786342123056,0.4974832214765101,31.019295302013425,"CHARLOTTE BAG , SUKI DESIGN",RED SPOTTY CHARLOTTE BAG
22356,20724,0.01901284651791751,0.6344765342960289,33.37093862815885,"CHARLOTTE BAG , PINK/WHITE SPOTS",RED SPOTTY CHARLOTTE BAG
20724,22356,0.01901284651791751,0.47023411371237456,24.732441471571907,RED SPOTTY CHARLOTTE BAG,"CHARLOTTE BAG , PINK/WHITE SPOTS"
20724,85099B,0.014171737660581473,0.35050167224080264,24.732441471571907,RED SPOTTY CHARLOTTE BAG,JUMBO BAG RED WHITE SPOTTY 
20725,20726,0.02315077755240027,0.33191159364094613,14.336952307095777,LUNCH BAG RED SPOTTY,LUNCH BAG WOODLAND
20726,20725,0.02315077755240027,0.5400630914826499,23.32807570977918,LUNCH BAG WOODLAND,LUNCH BAG RED SPOTTY
20727,20725,0.02728870858688303,0.5052578868302453,18.515272909364043,LUNCH BAG  BLACK SKULL.,LUNCH BAG RED SPOTTY
20725,20727,0.02728870858688303,0.39123691353237694,14.336952307095775,LUNCH BAG RED SPOTTY,LUNCH BAG  BLACK SKULL.
20728,20725,0.024421906693711967,0.5025041736227045,20.575959933222038,LUNCH BAG CARS BLUE,LUNCH BAG RED SPOTTY
20725,20728,0.024421906693711967,0.3501357115160915,14.336952307095775,LUNCH BAG RED SPOTTY,LUNCH BAG CARS BLUE
22382,20725,0.023962136578769437,0.46169880145909326,19.26784783741532,LUNCHBAG SPACEBOY DESIGN ,LUNCH BAG RED SPOTTY
20725,22382,0.023962136578769437,0.34354400930593254,14.336952307095775,LUNCH BAG RED SPOTTY,LUNCHBAG SPACEBOY DESIGN 
22383,20725,0.026396213657876946,0.48702594810379246,18.45059880239521,LUNCHBAG SUKI  DESIGN ,LUNCH BAG RED SPOTTY
20725,22383,0.026396213657876946,0.37844125630089187,14.336952307095775,LUNCH BAG RED SPOTTY,LUNCHBAG SUKI  DESIGN 
22384,20725,0.02764029749830967,0.553929539295393,20.040650406504067,LUNCHBAG PINK RETROSPOT,LUNCH BAG RED SPOTTY
20725,22384,0.02764029749830967,0.39627762698720437,14.336952307095775,LUNCH BAG RED SPOTTY,LUNCHBAG PINK RETROSPOT
22662,20725,0.01187288708586883,0.5034403669724771,42.40252293577982,LUNCH BAG DOLLY GIRL DESIGN,LUNCH BAG RED SPOTTY
23206,20725,0.010520622041920216,0.4491916859122402,42.69630484988453,LUNCH BAG APPLE DESIGN,LUNCH BAG RED SPOTTY
23209,20725,0.011331981068289384,0.4165009940357852,36.75447316103379,LUNCH BAG DOILEY PATTERN ,LUNCH BAG RED SPOTTY
20725,85099B,0.022609871534820823,0.3241566498642885,14.336952307095775,LUNCH BAG RED SPOTTY,JUMBO BAG RED WHITE SPOTTY 
20727,20726,0.01803921568627451,0.33400100150225337,18.515272909364047,LUNCH BAG  BLACK SKULL.,LUNCH BAG WOODLAND
20726,20727,0.01803921568627451,0.420820189274448,23.32807570977918,LUNCH BAG WOODLAND,LUNCH BAG  BLACK SKULL.
20728,20726,0.018688302907369843,0.3845297718419588,20.575959933222038,LUNCH BAG CARS BLUE,LUNCH BAG WOODLAND
20726,20728,0.018688302907369843,0.43596214511041004,23.328075709779178,LUNCH BAG WOODLAND,LUNCH BAG CARS BLUE
22382,20726,0.019851250845165654,0.3824908806670141,19.26784783741532,LUNCHBAG SPACEBOY DESIGN ,LUNCH BAG WOODLAND
20726,22382,0.019851250845165654,0.4630914826498423,23.328075709779178,LUNCH BAG WOODLAND,LUNCHBAG SPACEBOY DESIGN 
22383,20726,0.01849898580121704,0.3413173652694611,18.45059880239521,LUNCHBAG SUKI  DESIGN ,LUNCH BAG WOODLAND
