287,Shu K Ito,Sales Representative,Southwest,United States,North America,6427005.5556,-162403.1741,-2.530000000000000,26557.87,-17.810000000000000,758.680000000000,30.920000,10,6,11,2,13,1
296,Lynn N Tsoflias,Sales Representative,Australia,Australia,Pacific,1421810.9252,-87954.4439,-6.190000000000000,13044.14,2653.630000000000000,712.840000000000,22.200000,12,14,14,14,1,2
292,Ranjit R Varkey Chudukatil,Sales Representative,France,France,Europe,4509888.933,-37815.264,-0.840000000000000,25770.79,127.760000000000000,690.860000000000,33.660000,9,8,10,3,3,3
293,Tete A Mensa-Annan,Sales Representative,Northwest,United States,North America,2312545.6905,-60481.8046,-2.620000000000000,16518.18,77.110000000000000,636.430000000000,18.980000,13,12,12,11,5,4
295,Rachel B Valdez,Sales Representative,Germany,Germany,Europe,1790640.2311,-95870.7571,-5.350000000000000,14922.00,815.510000000000000,630.000000000000,16.690000,14,13,13,13,2,5
283,Jillian Carson,Sales Representative,Central,United States,North America,10065803.5429,164535.6149,1.630000000000000,21280.77,-26.850000000000000,615.010000000000,49.450000,5,2,5,7,14,6
291,Jae B Pak,Sales Representative,United Kingdom,United Kingdom,Europe,8503338.6472,233727.9395,2.750000000000000,24434.88,-14.310000000000000,595.400000000000,52.120000,3,4,2,5,12,7
286,Pamela O Ansman-Wolfe,Sales Representative,Northwest,United States,North America,3325102.5952,125116.0226,3.760000000000000,35001.08,63.270000000000000,584.210000000000,53.310000,2,11,1,1,6,8
284,Garrett R Vargas,Sales Representative,Canada,Canada,North America,3609447.2163,-19970.8092,-0.550000000000000,15424.99,16.290000000000000,574.360000000000,27.570000,11,10,9,12,8,9
288,José Edvaldo Saraiva,Sales Representative,Canada,Canada,North America,5926418.3574,26707.9797,0.450000000000000,21868.70,87.870000000000000,571.960000000000,41.280000,8,7,8,6,4,10
282,Linda C Mitchell,Sales Representative,Southwest,United States,North America,10367007.4286,172016.1153,1.660000000000000,24801.45,-2.690000000000000,555.980000000000,56.410000,1,1,4,4,9,11
281,Michael G Blythe,Sales Representative,Northeast,United States,North America,9293903.0055,122069.4193,1.310000000000000,20653.12,-6.440000000000000,547.560000000000,49.900000,4,3,7,8,11,12
285,Tsvi Michael Reiter,Sales Representative,Southeast,United States,North America,7171012.7514,110955.3604,1.550000000000000,16715.65,-2.750000000000000,432.870000000000,47.590000,7,5,6,10,10,13
289,David R Campbell,Sales Representative,Northwest,United States,North America,3729945.3501,67325.6277,1.810000000000000,19735.16,25.960000000000000,342.330000000000,47.730000,6,9,3,9,7,14
