Central,2014-Q1,8600.68199837208,NULL,NULL,8600.68,8600.68,NULL,NULL,OK,33,139.250162214041,1.62
Central,2014-Q2,17407.1444942951,8600.68199837208,NULL,8806.46,17407.14,102.39,NULL,OK,50,969.483413517475,5.57
Central,2014-Q3,44171.447193563,17407.1444942951,NULL,26764.3,44171.45,153.75,NULL,OK,51,-2004.10968601704,-4.54
Central,2014-Q4,33658.8909375668,44171.447193563,NULL,-10512.56,33658.89,-23.8,NULL,OK,96,1434.92961919308,4.26
Central,2015-Q1,11768.365582943,33658.8909375668,8600.68199837208,-21890.53,3167.68,-65.04,36.83,OK,35,-220.457102179527,-1.87
Central,2015-Q2,23979.1450092196,11768.365582943,17407.1444942951,12210.78,6572,103.76,37.75,OK,52,1535.31853887439,6.4
Central,2015-Q3,24485.5381002426,23979.1450092196,44171.447193563,506.39,-19685.91,2.11,-44.57,OK,52,2900.18478542566,11.84
Central,2015-Q4,42641.1734443903,24485.5381002426,33658.8909375668,18155.64,8982.28,74.15,26.69,OK,95,7501.75574781001,17.59
Central,2016-Q1,20211.6970021725,42641.1734443903,11768.365582943,-22429.48,8443.33,-52.6,71.75,OK,36,-274.512995481491,-1.36
Central,2016-Q2,25759.4650104642,20211.6970021725,23979.1450092196,5547.77,1780.32,27.45,7.42,OK,64,222.512438863516,0.86
Central,2016-Q3,33380.2241700888,25759.4650104642,24485.5381002426,7620.76,8894.69,29.58,36.33,OK,100,438.328919649124,1.31
Central,2016-Q4,68077.9890140295,33380.2241700888,42641.1734443903,34697.76,25436.82,103.95,59.65,OK,105,19512.8341935575,28.66
Central,2017-Q1,40530.0567876101,68077.9890140295,20211.6970021725,-27547.93,20318.36,-40.47,100.53,OK,66,3921.39317240566,9.68
Central,2017-Q2,27938.7388032675,40530.0567876101,25759.4650104642,-12591.32,2179.27,-31.07,8.46,OK,86,3099.27223163843,11.09
Central,2017-Q3,32468.9471809864,27938.7388032675,33380.2241700888,4530.21,-911.28,16.21,-2.73,OK,102,2689.62901285291,8.28
Central,2017-Q4,46160.3848639727,32468.9471809864,68077.9890140295,13691.44,-21917.6,42.17,-32.19,OK,152,-2159.45027050376,-4.68
East,2014-Q1,6579.33806395531,NULL,NULL,6579.34,6579.34,NULL,NULL,OK,26,-785.778292655945,-11.94
East,2014-Q2,21064.164939642,6579.33806395531,NULL,14484.83,21064.16,220.16,NULL,OK,53,1514.01247251034,7.19
East,2014-Q3,33443.3829934597,21064.164939642,NULL,12379.22,33443.38,58.77,NULL,OK,84,5823.75609311461,17.41
East,2014-Q4,67593.5708498955,33443.3829934597,NULL,34150.19,67593.57,102.11,NULL,OK,98,10507.6192381382,15.55
East,2015-Q1,17145.8680129051,67593.5708498955,6579.33806395531,-50447.7,10566.53,-74.63,160.6,OK,38,1647.20236086845,9.61
East,2015-Q2,22703.2080519199,17145.8680129051,21064.164939642,5557.34,1639.04,32.41,7.78,OK,59,4358.57516407967,19.2
East,2015-Q3,50777.4231510162,22703.2080519199,33443.3829934597,28074.22,17334.04,123.66,51.83,OK,86,5774.85190197825,11.37
East,2015-Q4,65705.5577228069,50777.4231510162,67593.5708498955,14928.13,-1888.01,29.4,-2.79,OK,113,9310.3833553791,14.17
East,2016-Q1,24774.765193224,65705.5577228069,17145.8680129051,-40930.79,7628.9,-62.29,44.49,OK,61,3816.89998400211,15.41
East,2016-Q2,52166.6561487913,24774.765193224,22703.2080519199,27391.89,29463.45,110.56,129.78,OK,87,8668.9601573348,16.62
East,2016-Q3,38051.645942688,52166.6561487913,50777.4231510162,-14115.01,-12725.78,-27.06,-25.06,OK,98,3288.44997000694,8.64
East,2016-Q4,65692.7538598776,38051.645942688,65705.5577228069,27641.11,-12.8,72.64,-0.02,OK,128,4367.28585542738,6.65
East,2017-Q1,18051.7620286942,65692.7538598776,24774.765193224,-47640.99,-6723,-72.52,-27.14,OK,62,2038.45040866733,11.29
East,2017-Q2,31511.5001137257,18051.7620286942,52166.6561487913,13459.74,-20655.16,74.56,-39.59,OK,98,5145.18368810415,16.33
East,2017-Q3,65496.3860986233,31511.5001137257,38051.645942688,33984.89,27444.74,107.85,72.12,OK,128,5793.68933963776,8.85
East,2017-Q4,98023.2546052933,65496.3860986233,65692.7538598776,32526.87,32330.5,49.66,49.21,OK,182,20253.2381192744,20.66
South,2014-Q1,44262.1994760036,NULL,NULL,44262.2,44262.2,NULL,NULL,OK,31,2673.72834584117,6.04
South,2014-Q2,22524.1028797627,44262.1994760036,NULL,-21738.1,22524.1,-49.11,NULL,OK,38,4445.73956006765,19.74
South,2014-Q3,16061.0614802837,22524.1028797627,NULL,-6463.04,16061.06,-28.69,NULL,OK,41,1401.96544063091,8.73
South,2014-Q4,20998.4799026251,16061.0614802837,NULL,4937.42,20998.48,30.74,NULL,OK,55,3357.68661475182,15.99
South,2015-Q1,16444.4432766438,20998.4799026251,44262.1994760036,-4554.04,-27817.76,-21.69,-62.85,OK,27,2560.35181516409,15.57
South,2015-Q2,16254.2045714855,16444.4432766438,22524.1028797627,-190.24,-6269.9,-1.16,-27.84,OK,36,2288.73651120067,14.08
South,2015-Q3,21459.505061388,16254.2045714855,16061.0614802837,5205.3,5398.44,32.02,33.61,OK,46,4464.14517840743,20.8
South,2015-Q4,17201.8278343678,21459.505061388,20998.4799026251,-4257.68,-3796.65,-19.84,-18.08,OK,61,-994.639224082232,-5.78
South,2016-Q1,23933.7040863037,17201.8278343678,16444.4432766438,6731.88,7489.26,39.13,45.54,OK,33,5656.12177477777,23.63
South,2016-Q2,18381.8279459476,23933.7040863037,16254.2045714855,-5551.88,2127.62,-23.2,13.09,OK,52,3382.35071724653,18.4
South,2016-Q3,21635.8806111813,18381.8279459476,21459.505061388,3254.05,176.38,17.7,0.82,OK,60,3592.04518680274,16.6
South,2016-Q4,29658.8110396862,21635.8806111813,17201.8278343678,8022.93,12456.98,37.08,72.42,OK,69,5072.29060661793,17.1
South,2017-Q1,13642.1819021702,29658.8110396862,23933.7040863037,-16016.63,-10291.52,-54,-43,OK,28,3574.75092299283,26.2
South,2017-Q2,29325.4143544436,13642.1819021702,18381.8279459476,15683.23,10943.59,114.96,59.53,OK,71,3571.94966553152,12.18
South,2017-Q3,23874.1520947218,29325.4143544436,21635.8806111813,-5451.26,2238.27,-18.59,10.35,OK,70,3242.95169684291,13.58
South,2017-Q4,56064.1088483334,23874.1520947218,29658.8110396862,32189.96,26405.3,134.83,89.03,OK,104,-1540.74457997084,-2.75
West,2014-Q1,15005.5768759251,NULL,NULL,15005.58,15005.58,NULL,NULL,OK,41,1784.02879470587,11.89
West,2014-Q2,25543.3469352722,15005.5768759251,NULL,10537.77,25543.35,70.23,NULL,OK,60,4274.83363504708,16.74
West,2014-Q3,49957.3206114769,25543.3469352722,NULL,24413.97,49957.32,95.58,NULL,OK,91,7583.1098882407,15.18
West,2014-Q4,57376.7878679037,49957.3206114769,NULL,7419.47,57376.79,14.85,NULL,OK,121,6423.7187788561,11.2
West,2015-Q1,23493.0617434978,57376.7878679037,15005.5768759251,-33883.73,8487.48,-59.05,56.56,OK,44,5277.84455174208,22.47
West,2015-Q2,26187.6296691895,23493.0617434978,25543.3469352722,2694.57,644.28,11.47,2.52,OK,67,4008.29222306609,15.31
West,2015-Q3,33537.1090477705,26187.6296691895,49957.3206114769,7349.48,-16420.21,28.06,-32.87,OK,90,3714.43748879433,11.08
West,2015-Q4,56748.4490237236,33537.1090477705,57376.7878679037,23211.34,-628.34,69.21,-1.1,OK,137,7491.62036208808,13.2
West,2016-Q1,24317.0150260925,56748.4490237236,23493.0617434978,-32431.43,823.95,-57.15,3.51,OK,49,2242.86200284958,9.22
West,2016-Q2,39774.3507194519,24317.0150260925,26187.6296691895,15457.34,13586.72,63.57,51.88,OK,91,4116.51587074995,10.35
West,2016-Q3,50719.611297369,39774.3507194519,33537.1090477705,10945.26,17182.5,27.52,51.23,OK,120,8504.78065791726,16.77
West,2016-Q4,72669.1991517544,50719.611297369,56748.4490237236,21949.59,15920.75,43.28,28.05,OK,162,9187.44817775488,12.64
West,2017-Q1,50920.8586885929,72669.1991517544,24317.0150260925,-21748.34,26603.84,-29.93,109.4,OK,84,13971.6082686931,27.44
West,2017-Q2,44988.7184691429,50920.8586885929,39774.3507194519,-5932.14,5214.37,-11.65,13.11,OK,112,3682.8028998971,8.19
West,2017-Q3,74412.4700540304,44988.7184691429,50719.611297369,29423.75,23692.86,65.4,46.71,OK,148,15258.8623263985,20.51
West,2017-Q4,79806.3179330826,74412.4700540304,72669.1991517544,5393.85,7137.12,7.25,9.82,OK,194,10895.6826536059,13.65
